"tadpole","treatment","pond","PC1","PC2"
"BO_W_10_Wild","Wild","BO",-0.0106219105051514,-0.0134066081096973
"DT_02_D_Low","Low","DT",-0.0222880128130875,0.00470637528369357
"PB_02_D_High","High","PB",-0.0334834855453114,-0.0194232096949951
"DE_W_03_Wild","Wild","DE",0.061072124411858,-0.0995013957656345
"E1_02_A_Low","Low","E1",-0.0255634439436641,0.00974062946417723
"BS_W_09_Wild","Wild","BS",-0.0149059679052392,0.00958694686651015
"GB_04_C_Low","Low","GB",-0.0254630006238909,0.0188076184344989
"E1_03_A_High","High","E1",-0.0347807763243992,-0.0162365752481696
"PB_04_C_Low","Low","PB",-0.0305514411773574,0.0288359106850772
"BO_02_C_Low","Low","BO",0.0464443255453296,0.0678241499914538
"BS_03_C_High","High","BS",-0.0378075375945744,0.034518829650158
"PB_04_B_High","High","PB",-0.0105879357589253,0.0149587767964893
"DT_W_12_Wild","Wild","DT",-0.0149055249389,-0.0785447369884826
"DT_W_03_Wild","Wild","DT",0.0319178608807859,-0.041864574790674
"DE_W_07_Wild","Wild","DE",-0.0635177034103986,-0.0302885536276147
"CPS_W_15_Wild","Wild","CPS",0.0391377130150088,-0.0615217527175482
"BS_05_A_High","High","BS",0.0437873774857061,0.0301464727563774
"DE_01_D_Low","Low","DE",-0.0249985020202234,0.00620551897409269
"BS_03_D_High","High","BS",-0.00111825018740727,0.0298891954674345
"BS_W_13_Wild","Wild","BS",-0.0291558730669964,-0.0245454023908883
"GB_06_B_Low","Low","GB",-0.0478718929376483,0.00129157699973018
"PB_W_17_Wild","Wild","PB",0.0484404476158972,0.00997019754719592
"BO_01_B_High","High","BO",0.0686999958194563,0.0506802312005647
"BS_W_16_Wild","Wild","BS",-0.0209536339275273,-0.0188769741383393
"E1_04_B_Low","Low","E1",-0.011694448942709,0.0261419568669103
"PB_04_D_High","High","PB",0.010319041159005,0.0211145298870083
"MI_02_C_Low","Low","MI",-0.0274021576218709,0.00626643763142306
"MI_03_C_Low","Low","MI",-0.0341730182198215,-0.00514141546133465
"CPS_05_B_High","High","CPS",-0.032426723718142,0.0242332094690527
"PB_W_07_Wild","Wild","PB",-0.0163967598259495,-0.0734505775853509
"BO_W_05_Wild","Wild","BO",0.0033302096738931,-0.028638877685428
"DT_W_18_Wild","Wild","DT",-0.000543858251374327,-0.0345581180674147
"CPS_03_D_Low","Low","CPS",-0.024237486089151,0.0292894487796895
"DT_W_08_Wild","Wild","DT",0.0156121113824861,-0.0331251419708714
"BS_02_D_High","High","BS",0.0123080325206555,0.0175280260050639
"LO_W_03_Wild","Wild","LO",0.039787229485947,-0.0678190175999994
"PB_05_D_Low","Low","PB",0.00129511706307027,0.0657151112396641
"GB_W_16_Wild","Wild","GB",0.0436503441431423,-0.0023723337724887
"DT_02_D_High","High","DT",-0.0185989678614695,-0.00540572215525605
"DT_06_D_Low","Low","DT",-0.0290264472905657,0.0342853570756832
"E1_03_C_Low","Low","E1",-0.0307702418954388,0.0203215643137712
"MI_06_C_High","High","MI",-0.00918386058963653,-0.00805021534820866
"BS_01_D_Low","Low","BS",-0.0165828730593143,0.0023486404554726
"LO_06_C_High","High","LO",0.0445370378346797,0.0381714808222937
"BS_04_A_Low","Low","BS",-0.0449483408588116,0.00978662678345204
"GB_02_C_High","High","GB",0.101478536594777,0.0772300950697181
"PB_W_04_Wild","Wild","PB",0.0558886928862485,-0.0807516258470029
"CPS_03_D_High","High","CPS",-0.013766148957751,0.0407934364614026
"LO_W_05_Wild","Wild","LO",-0.0304435399214501,-0.0515410609245728
"CPS_03_C_High","High","CPS",-0.000360971443816029,0.00881797841178666
"DE_05_C_High","High","DE",-0.0551535623393877,-0.00341285298407684
"GB_W_08_Wild","Wild","GB",-0.055944437568093,-0.0258030911750966
"LO_05_D_Low","Low","LO",0.0134355658302325,-0.00244651066730093
"E1_04_A_Low","Low","E1",0.00962599954110174,0.000555673714996168
"DT_04_B_High","High","DT",0.0955133574249752,-0.00508378614811195
"CPS_01_B_High","High","CPS",-0.0120163099177735,0.0100267025162689
"CPS_W_13_Wild","Wild","CPS",0.0355713884941749,-0.0563398066195521
"LO_04_A_Low","Low","LO",-0.0493802543813233,0.0195516973316705
"DE_05_A_High","High","DE",-0.0358091132059965,0.0137338794659391
"PB_04_D_Low","Low","PB",-0.0399487662737149,0.0306813858245938
"BS_05_A_Low","Low","BS",0.0500359174553206,0.0547050135305269
"CPS_06_A_Low","Low","CPS",-0.0516111794752017,0.0254748178719984
"E1_04_D_Low","Low","E1",-0.0134011221828543,0.0405096733036227
"GB_01_C_High","High","GB",-0.047560669816331,0.0128862676984133
"GB_02_A_Low","Low","GB",-0.0260128282801395,0.0365709673005819
"DE_03_C_High","High","DE",-0.0258244320828214,0.0180977227434103
"LO_06_C_Low","Low","LO",-0.00280871143402295,0.0168127158490594
"BO_W_12_Wild","Wild","BO",-0.00266639407749575,-0.0244618655578553
"GB_06_B_High","High","GB",0.023815990727199,0.00131452668083772
"CPS_06_B_High","High","CPS",0.0356049308616402,0.0599385813898739
"GB_W_13_Wild","Wild","GB",0.0499304370961536,-0.0130636217667826
"LO_06_A_High","High","LO",0.0640213601584693,0.0318520532150848
"DE_03_D_Low","Low","DE",-0.0261492905103493,0.0230638399493997
"E1_02_B_High","High","E1",0.0273573989272045,-0.0562567183330718
"BO_04_B_Low","Low","BO",-0.0460044504976052,0.0043100726215739
"LO_06_D_Low","Low","LO",-0.0323430289914083,0.0333817758466688
"DT_02_C_Low","Low","DT",-0.00721179927717191,0.000702089595478523
"PB_02_B_High","High","PB",-0.00702426785870868,-0.00519815781541191
"CPS_05_B_Low","Low","CPS",-0.0287327019108786,0.0265069549116919
"E1_02_C_High","High","E1",-0.0194062704378534,0.0110886083819506
"DT_05_C_High","High","DT",-0.0120866776326396,0.022519504067154
"PB_02_C_Low","Low","PB",-0.0173343458000148,-7.80200500733905e-05
"DE_03_B_Low","Low","DE",-0.0533726098302983,0.0377400060752936
"BS_05_B_High","High","BS",-0.0416856496224516,0.0114505022106113
"BS_03_D_Low","Low","BS",-0.0123396377355642,0.00195220789082699
"GB_W_18_Wild","Wild","GB",0.0545867121849972,-0.0242319425207187
"LO_04_A_High","High","LO",-0.0230175854874879,-0.00315404938561101
"DE_05_D_High","High","DE",0.0435718558920066,0.0590726122380517
"BO_04_C_High","High","BO",0.0379320395469224,0.0273220964500375
"GB_W_01_Wild","Wild","GB",0.04391198832297,-0.00116496546522416
"LO_03_A_Low","Low","LO",-0.0203126335120814,0.0255704172357715
"DT_03_D_High","High","DT",0.000280870589578643,0.0352461121630163
"DT_W_20_Wild","Wild","DT",0.0415125435892285,-0.054159844963281
"GB_04_D_High","High","GB",-0.0396426575938923,0.0137753411524334
"BO_03_C_High","High","BO",-0.0327408829392702,0.0245968872898067
"BS_W_10_Wild","Wild","BS",0.0302824846750505,0.00112279435555677
"CPS_W_08_Wild","Wild","CPS",-0.047153699228906,-0.0391878974095083
"BO_05_D_High","High","BO",-0.0167406405971386,-0.00468384611538016
"MI_02_B_Low","Low","MI",-0.028167231264211,0.0245076823209523
"BS_W_14_Wild","Wild","BS",-0.0290516045323283,-0.0431065226757683
"GB_06_D_Low","Low","GB",-0.0395037795791162,0.00861617542877919
"DT_02_B_Low","Low","DT",-0.0384786822778694,-0.0090661827759258
"BS_W_08_Wild","Wild","BS",0.0329262602529116,-0.0363082327396669
"GB_W_03_Wild","Wild","GB",0.00171859239215047,-0.0533464610738615
"BS_W_15_Wild","Wild","BS",0.0232216182517992,-0.0444656029722085
"E1_04_D_High","High","E1",0.0052810185435039,0.0173095664307592
"DE_02_C_Low","Low","DE",0.000501991853730424,0.0148467033757567
"DT_W_09_Wild","Wild","DT",0.00876258962611971,-0.0289616999042797
"E1_05_C_High","High","E1",0.0339149937874198,0.0115078294079325
"BO_04_C_Low","Low","BO",0.0120200812956829,0.000140807935918869
"PB_01_B_High","High","PB",-0.00831079494615329,0.0177051457601543
"E1_01_B_High","High","E1",-0.0102018828670757,0.0213569562542436
"MI_03_D_High","High","MI",-0.00771514792299225,0.0187592710862582
"LO_02_D_High","High","LO",0.0704482404816617,-0.00804391672610601
"MI_01_C_Low","Low","MI",-0.0509666944265794,0.0262747308431899
"BS_03_B_Low","Low","BS",-0.0478648670693832,0.0225303130154121
"PB_W_09_Wild","Wild","PB",-0.00777201042916026,-0.0206404066924709
"BS_02_C_High","High","BS",0.00571486882335538,0.016199639676024
"BO_W_06_Wild","Wild","BO",-0.0130025595155968,-0.0232429060549405
"E1_02_D_Low","Low","E1",-0.0458532077036493,0.0335883436917244
"E1_01_C_Low","Low","E1",-0.0311067142261708,0.0229071458597342
"BS_W_03_Wild","Wild","BS",-0.0250891043344879,-0.0524556229071253
"CPS_04_D_High","High","CPS",-0.0107674957248388,0.00452723223071506
"DT_03_C_Low","Low","DT",-0.0148150526075907,0.0251279994646907
"LO_03_D_High","High","LO",0.0710576297609922,0.0460941214126273
"BO_02_B_High","High","BO",-0.0420256351742366,0.00387360224271697
"PB_01_A_Low","Low","PB",-0.0222757228082717,0.0120568712384584
"BS_04_C_Low","Low","BS",-0.0337079961129482,-0.0349482333737381
"DT_W_06_Wild","Wild","DT",1.27642024527367e-05,-0.0403963939399105
"DT_02_B_High","High","DT",-0.034100625893868,0.00363721545985187
"PB_05_C_Low","Low","PB",-0.051621985368084,0.038511478780671
"GB_01_A_High","High","GB",-0.0134553397776176,0.00149738567766774
"CPS_06_A_High","High","CPS",0.0514210701047739,0.044882593909204
"DE_01_D_High","High","DE",0.030017073768809,0.0191502106682164
"CPS_01_D_High","High","CPS",0.00295279622505781,0.0146780745379336
"BO_02_B_Low","Low","BO",0.00242937919115351,0.00931688458225697
"LO_05_C_High","High","LO",-0.00573566391346217,-0.0161417960180543
"CPS_06_D_High","High","CPS",-0.0145507674750743,0.03074054409005
"CPS_W_20_Wild","Wild","CPS",0.0507940600544389,-0.0588368814148834
"BS_05_D_Low","Low","BS",-0.0265909955571786,0.0120015940159358
"GB_W_05_Wild","Wild","GB",0.00659071912687778,-0.0179222167563216
"PB_06_B_High","High","PB",0.0127785150197639,-0.00100314920375586
"BS_01_D_High","High","BS",-0.022412518804552,0.0279755640369822
"LO_02_A_High","High","LO",-0.00115167162865917,-0.000627841785229915
"E1_02_C_Low","Low","E1",-0.0168245447218888,-0.0280437239795482
"BS_W_19_Wild","Wild","BS",0.0657658620089316,-0.00469765735818572
"E1_04_A_High","High","E1",-0.0141473254829481,0.000265654042765461
"LO_W_01_Wild","Wild","LO",-0.0611205856245967,-0.0741140736780664
"DE_W_09_Wild","Wild","DE",0.0129833840234888,-0.000869483770061579
"DE_04_A_High","High","DE",-0.0206681388976201,-0.00677285244541043
"PB_W_16_Wild","Wild","PB",0.0468484110161467,-0.0408647657221406
"CPS_01_A_High","High","CPS",0.110796476074407,0.0220493611958812
"PB_W_15_Wild","Wild","PB",0.050378783530825,-0.0192102021445246
"PB_05_B_High","High","PB",0.0525154038242617,-0.0120596602355607
"DT_W_16_Wild","Wild","DT",0.0299940883411795,-0.0147168292091784
"CPS_05_C_High","High","CPS",-0.0129004210411244,0.0332863135487193
"MI_02_A_Low","Low","MI",0.0351528797728416,0.0414075436511344
"PB_02_A_High","High","PB",-0.00781898585444587,0.0173047892096727
"BO_01_A_High","High","BO",0.00401726369557155,0.0123395253079942
"GB_W_06_Wild","Wild","GB",0.0366111230031016,-0.0328137082955531
"PB_W_06_Wild","Wild","PB",0.0126123505990251,-0.0423522131966835
"BS_04_A_High","High","BS",0.0327243766239987,0.0277452514703007
"E1_03_A_Low","Low","E1",-0.0212597174105308,-0.00279856619682148
"GB_02_C_Low","Low","GB",-0.0424169442533029,0.0382306065107632
"DE_W_11_Wild","Wild","DE",-0.0285656359518989,-0.0312756059507978
"PB_W_08_Wild","Wild","PB",0.0262943272477369,-0.06355410687958
"BO_05_B_Low","Low","BO",-0.0203627338580522,0.00452807564638276
"GB_05_D_Low","Low","GB",0.0141759602802695,0.0448317933963327
"PB_05_A_High","High","PB",0.00640604016868231,0.0270447669803286
"BS_W_05_Wild","Wild","BS",0.00816543052264067,-0.032041924601203
"BO_05_A_Low","Low","BO",-0.0267648171320936,0.00432293171388826
"DT_W_01_Wild","Wild","DT",0.000284321653755376,-0.0310500117693518
"PB_W_11_Wild","Wild","PB",-0.0317964160647484,-0.00800573761205601
"E1_01_B_Low","Low","E1",-0.0327060984106968,0.00967173217229785
"BS_01_C_High","High","BS",-0.0071118749494106,0.0163181475155803
"DT_04_C_High","High","DT",-0.0128420308266362,-0.0153299070491286
"E1_05_C_Low","Low","E1",-0.0250214152516763,0.00335579986130363
"GB_01_D_High","High","GB",0.0405886065894123,0.0150969587861106
"MI_05_C_Low","Low","MI",-0.00897814042155193,-0.0106115781249772
"BO_03_A_High","High","BO",0.0121898677450257,0.0151436573033731
"BO_W_18_Wild","Wild","BO",-0.0313210394832291,-0.0243981145326491
"BS_03_C_Low","Low","BS",-0.0137655699815493,0.0162883951687645
"BO_02_D_Low","Low","BO",-0.01832634833071,0.0305102449426821
"CPS_05_A_High","High","CPS",-0.0460972433271118,0.025485958621717
"DE_02_C_High","High","DE",-0.0221337793967255,0.0275343907518662
"DE_W_13_Wild","Wild","DE",0.0219793448200355,-0.0184371532904706
"DT_04_C_Low","Low","DT",-0.0346921094610457,-0.0285976210373257
"GB_W_17_Wild","Wild","GB",0.126153025935594,-0.0106453272328457
"DE_W_06_Wild","Wild","DE",0.035316474400183,-0.0692709397170064
"MI_01_D_Low","Low","MI",-0.023981802877413,0.0353139046808239
"MI_02_C_High","High","MI",-0.0310499117618634,0.02230519483296
"E1_04_B_High","High","E1",0.0293995247555626,0.0288129113988839
"DE_05_B_Low","Low","DE",-0.00905371741182436,-0.00405895107112903
"E1_05_A_High","High","E1",0.076474442739804,0.0548273419070181
"MI_01_D_High","High","MI",0.0418281187581913,0.0399365299496451
"CPS_W_18_Wild","Wild","CPS",0.0534239007937531,-0.0343728641969838
"GB_W_14_Wild","Wild","GB",0.047375540403278,-0.0141959670645864
"LO_04_D_Low","Low","LO",-0.00995047286503726,0.0151345117517283
"CPS_W_17_Wild","Wild","CPS",0.0227133337335885,-0.0861929903236087
"LO_03_B_High","High","LO",0.10913605626381,0.0283725072842946
"PB_06_D_High","High","PB",-0.023851066726788,0.0165617650335241
"BO_01_D_High","High","BO",0.00429761066249531,0.012950314230839
"PB_06_C_High","High","PB",-0.0153906572349213,-0.00462550745502285
"LO_02_B_High","High","LO",0.0543367941021585,0.0317968297024685
"BS_W_20_Wild","Wild","BS",-0.0385074848443314,-0.0114167544086862
"DT_W_17_Wild","Wild","DT",0.0281405430825329,-0.023765132844841
"PB_02_C_High","High","PB",-0.0181724769933167,-0.0228573913136098
"DE_03_A_Low","Low","DE",-0.0361354026752172,0.0226556420741504
"DT_W_19_Wild","Wild","DT",0.0620498183552744,0.00821086243269667
"CPS_W_16_Wild","Wild","CPS",0.031158621341145,-0.055655625093508
"GB_W_10_Wild","Wild","GB",0.01430741420649,-0.0416427350359085
"PB_01_C_High","High","PB",-0.028968689760062,0.032189408623858
"DE_04_C_Low","Low","DE",-0.00939321184630829,-0.0177951273584555
"GB_04_D_Low","Low","GB",-0.0480572216490119,0.0306194137798678
"BS_05_D_High","High","BS",0.0202170273695968,0.0016205636097297
"MI_05_A_High","High","MI",0.0280016519216906,0.0287157823272223
"GB_05_A_High","High","GB",0.045649831846107,0.0234031062165213
"CPS_W_11_Wild","Wild","CPS",0.0391298438323275,-0.018216424803717
"LO_03_A_High","High","LO",-0.0321651235561783,0.0301786189352713
"DE_04_D_Low","Low","DE",0.034830256979192,-0.0045813270132563
"BS_03_A_High","High","BS",0.186596832803411,0.0239228397294009
"BO_W_07_Wild","Wild","BO",-0.0408711699079521,-0.0381604275953515
"MI_03_C_High","High","MI",0.0152801213534499,0.0435294664221388
"DT_05_A_High","High","DT",-0.00559800734392978,0.00903554132528081
"LO_06_B_High","High","LO",-0.00200694381907309,0.0121826189736221
"PB_06_A_Low","Low","PB",-0.0170384093802172,-0.0316790423971815
"GB_W_09_Wild","Wild","GB",0.0156723446294815,-0.00639638509248728
"PB_02_D_Low","Low","PB",-0.0301745524366839,-0.0130315390075507
"BO_05_B_High","High","BO",-0.00688976972520107,0.00137109722264623
"BS_W_07_Wild","Wild","BS",0.00763249684678101,-0.0263270769672106
"GB_01_B_Low","Low","GB",-0.0456699401675529,0.00897567377749123
"PB_W_13_Wild","Wild","PB",0.0473559673567018,-0.00269359332664749
"BS_02_B_High","High","BS",0.000992018165449347,0.00782484109652999
"CPS_04_B_Low","Low","CPS",-0.0378529389421937,0.0218163151074717
"E1_04_C_Low","Low","E1",-0.0386589012042342,0.0110958083972761
"PB_W_02_High","High","PB",0.0174405775384194,-0.0677751914301993
"GB_05_A_Low","Low","GB",-0.0243139840876976,0.0154747628830343
"DT_04_A_Low","Low","DT",-0.0143703013467137,-0.015530164125095
"DT_05_A_Low","Low","DT",-0.0403472549211112,0.0085268923807671
"E1_01_D_Low","Low","E1",-0.022354097573368,-0.0127230272732336
"DE_03_B_High","High","DE",-0.0314046417761279,0.0246369504944458
"PB_01_D_High","High","PB",0.0526808396964961,0.0277209094492819
"LO_04_C_Low","Low","LO",0.0236872555679838,-0.0234959233829463
"DT_W_07_Wild","Wild","DT",-0.00771792991454727,-0.0507644840852935
"BO_05_A_High","High","BO",-0.011807497173361,0.0336721481387328
"CPS_W_03_Wild","Wild","CPS",-0.0104753866594756,-0.0587613370974296
"DE_05_C_Low","Low","DE",-0.0578763162766916,-0.0159457958023503
"MI_06_D_Low","Low","MI",0.0366273455815299,-0.0271565299448364
"BS_W_06_Wild","Wild","BS",0.0529625127929881,-0.0540051333158718
"DT_W_02_Wild","Wild","DT",0.0164556584022506,-0.0419770952838891
"CPS_05_A_Low","Low","CPS",-0.0172125381103038,0.0310345413191968
"CPS_W_06_Wild","Wild","CPS",0.0026619704936306,-0.0646440708395977
"PB_02_B_Low","Low","PB",-0.0293631754486568,-0.00296315087148962
"BS_W_12_Wild","Wild","BS",0.00298489412311466,-0.0224320452313095
"GB_01_A_Low","Low","GB",-0.0482534243839656,0.0469140252561077
"DT_W_13_Wild","Wild","DT",0.0716499508658603,-0.0188732823855166
"BO_04_D_Low","Low","BO",-0.0378062669515347,-0.000547018461470541
"E1_05_B_High","High","E1",0.0450652151907978,-0.00887277557825695
"DE_W_01_Wild","Wild","DE",-0.0139746184904482,-0.0633857704574314
"GB_05_C_High","High","GB",-0.00597397977024045,0.0173951982519251
"DT_05_B_High","High","DT",0.0578143602046515,-0.0346041286025844
"GB_04_C_High","High","GB",-0.0508813751639689,-0.000532430745275551
"BO_W_11_Wild","Wild","BO",-0.0168731719413952,-0.0167335594069279
"DE_W_05_Wild","Wild","DE",-7.70871474481376e-05,-0.0354258183990391
"DE_02_D_High","High","DE",-0.0155273887287762,0.00987988993706155
"LO_06_D_High","High","LO",0.0872661470188796,0.00860192792969099
"BO_03_B_High","High","BO",0.0343721990411324,0.00768876585670801
"DE_05_D_Low","Low","DE",-0.0498844570621271,0.011311516104783
"CPS_03_B_High","High","CPS",-0.0108452819243802,0.0337929778811607
"MI_06_A_Low","Low","MI",0.0126537892308543,0.0169165562929462
"BO_01_C_Low","Low","BO",-0.0541077750647002,0.0436391602322914
"PB_05_A_Low","Low","PB",-0.0491082913742584,-0.00770157934433925
"MI_01_A_High","High","MI",0.0240387630559982,0.0227656470467933
"LO_06_B_Low","Low","LO",-0.0347010540345638,-0.0584774021624904
"E1_03_C_High","High","E1",0.0583980492885603,0.0450854690539855
"DE_W_02_Wild","Wild","DE",-0.0103902476517038,-0.0806581576802266
"DE_02_B_High","High","DE",0.0617567694062557,0.0313986033262334
"BS_W_17_Wild","Wild","BS",0.111736897572823,0.019565159427859
"GB_06_C_High","High","GB",0.0257091107613558,0.00417390014592419
"DE_01_B_High","High","DE",-0.000984579389890226,0.0199187824864861
"E1_04_C_High","High","E1",-0.0273223465524849,0.00168461893451659
"GB_W_15_Wild","Wild","GB",0.103078491809231,-0.0069883678202063
"DE_01_B_Low","Low","DE",-0.0231599243505328,0.0224693877698963
"BO_W_01_Wild","Wild","BO",-0.041399327999523,-0.0160438482939139
"LO_W_04_Wild","Wild","LO",-0.00732347890972166,-0.100208843806656
"PB_05_E_High","High","PB",0.0338320367422846,0.00425221985793392
"BO_03_D_High","High","BO",-0.00816345859952019,0.001902422997122
"CPS_04_D_Low","Low","CPS",-0.0254357375579564,-0.00924446244826559
"BO_W_03_Wild","Wild","BO",-0.0628882014716987,-0.029032512536089
"DE_02_A_High","High","DE",-0.0346254530125836,0.0173668106157858
"DT_06_B_High","High","DT",-0.0299291421489984,-0.00560940023852677
"MI_01_B_High","High","MI",0.0083203191983875,0.0104537002879909
"CPS_W_10_Wild","Wild","CPS",-0.0444697996193942,-0.0936727958815037
"LO_05_D_High","High","LO",-0.00505337579164308,-0.00178092594420626
"BO_05_C_High","High","BO",-0.0242933053869076,0.000820306349789722
"BS_W_18_Wild","Wild","BS",-0.0284859143451404,0.00999744101533875
"MI_01_B_Low","Low","MI",-0.0518214173365583,-0.00227243495683915
"GB_W_04_Wild","Wild","GB",0.00667021524226642,-0.0554498604479928
"DE_03_D_High","High","DE",-0.0280987788008423,0.0263769137654738
"MI_03_A_High","High","MI",-0.00664124611991686,0.0425143423298123
"GB_W_19_Wild","Wild","GB",0.0781009109589432,-0.0774776273503475
"DT_06_A_High","High","DT",-0.0403521122985191,0.0121628887477465
"DE_04_C_High","High","DE",0.00371325516819134,-0.00856474305751331
"MI_06_C_Low","Low","MI",-0.033348519896801,-0.00179122817894168
"LO_W_02_Wild","Wild","LO",-0.0186005406681151,-0.0695495783470534
"DT_06_C_Low","Low","DT",-0.0159868769326852,-0.000494224521937066
"PB_W_05_Wild","Wild","PB",-0.00810958822799187,-0.0583570929083725
"GB_06_A_High","High","GB",0.0132108775072932,0.00201806713302256
"E1_02_D_High","High","E1",-0.0301047878612039,-0.00253972470710965
"BO_W_04_Wild","Wild","BO",-0.0275902555158185,-0.0168493889431423
"GB_W_02_Wild","Wild","GB",0.0102793771643251,-0.0652472980976975
"PB_W_01_Wild","Wild","PB",-0.0176735878729124,-0.0753018652263746
"PB_01_A_High","High","PB",-0.0184292936527817,0.0558572021020691
"LO_W_07_Wild","Wild","LO",0.0462975145049945,0.0264502756196357
"BS_02_B_Low","Low","BS",0.00366672584290677,-0.00280273329369863
"GB_04_B_High","High","GB",-0.0126953615549254,-0.0142116620185765
"CPS_06_C_High","High","CPS",-0.00772990336371493,-0.00682579627989144
"E1_01_D_High","High","E1",-0.0291720508442284,0.00167115285281133
"BO_W_15_Wild","Wild","BO",-0.00369254999344488,-0.0259887750778198
"BS_05_C_High","High","BS",0.136255211869998,0.0532601568005617
"DT_03_B_Low","Low","DT",-0.01277826269866,0.00658808840992191
"MI_03_B_High","High","MI",0.0859578363479632,0.0223974516567063
"LO_04_C_High","High","LO",0.188574068783936,0.0275422925247435
"PB_W_10_Wild","Wild","PB",-0.0324893135497872,-0.076039497040299
"LO_06_A_Low","Low","LO",-0.031624963393838,0.0266161145171269
"MI_05_A_Low","Low","MI",-0.0305518462530162,0.019089457305244
"DT_06_C_High","High","DT",0.00147935203218258,0.0456946398604323
"CPS_03_A_High","High","CPS",0.121771597299239,0.0479904055323709
"GB_05_B_Low","Low","GB",-0.0267046974325092,0.0178069103509685
"BO_02_C_High","High","BO",-0.00838832318359268,0.0234020499517098
"BO_W_16_Wild","Wild","BO",-0.0533499564305434,-0.0138481301695101
"PB_04_C_High","High","PB",-0.032331936510215,0.0155513629557392
"MI_02_B_High","High","MI",0.0390212893179078,0.0320262222843467
"DE_W_15_Wild","Wild","DE",0.0741731536261234,-0.0326921575849334
"GB_06_A_Low","Low","GB",0.00090058599263508,-0.0392928530835468
"CPS_W_07_Wild","Wild","CPS",-0.0164370499390431,-0.0665150497624801
"BS_04_C_High","High","BS",0.0246858458400952,0.0158575460990623
"LO_02_A_Low","Low","LO",-0.0194618507692031,-0.00694152387054219
"BS_01_B_High","High","BS",-0.0251676245935311,0.00726785384857915
"MI_06_B_High","High","MI",0.0168871353136939,0.0286661167547054
"BO_W_13_Wild","Wild","BO",-0.063067589266776,0.0019799910796367
"DT_05_D_Low","Low","DT",-0.00944938061806937,-0.00548267663548632
"CPS_05_C_Low","Low","CPS",-0.031009872159889,0.00398553999938153
"BS_W_04_Wild","Wild","BS",0.0203527153338906,-0.0384278390210105
"DT_W_05_Wild","Wild","DT",0.0665603851352961,-0.0568283054627038
"PB_06_C_Low","Low","PB",0.11839841668973,0.0744717888216665
"LO_03_C_Low","Low","LO",-0.0233352363149109,0.0255633251684877
"GB_01_D_Low","Low","GB",-0.0175220767512264,0.0198498464301196
"BO_W_19_Wild","Wild","BO",-0.00515046022333509,-0.00885341128197911
"CPS_W_19_Wild","Wild","CPS",0.0194454472377419,-0.0717582782301512
"BS_04_B_High","High","BS",-0.0295773266023948,-0.00513468700099057
"GB_W_12_Wild","Wild","GB",0.0979259226049759,-0.0034223007215434
"BS_W_01_Wild","Wild","BS",-0.0180194492492093,-0.0606920212931827
"PB_01_B_Low","Low","PB",-0.0122987850948633,0.0046769340659763
"DE_01_C_High","High","DE",0.00990121123496671,0.0427216396452579
"CPS_03_A_Low","Low","CPS",-0.0336130710131044,0.0456758491316837
"BS_W_02_Wild","Wild","BS",0.0239604789693012,-0.0374690751977983
"GB_06_D_High","High","GB",0.0603145929040472,0.0178440193343257
"BS_W_11_Wild","Wild","BS",-0.0108463143466565,-0.015684490142265
"DE_02_B_Low","Low","DE",-0.0143823305538766,-0.00233944126999737
"GB_01_C_Low","Low","GB",-0.0349339702132989,0.0270302022018468
"E1_02_A_High","High","E1",0.0219676473671068,0.00187211450563051
"GB_06_C_Low","Low","GB",0.0120694363306808,0.0136567929755347
"LO_05_A_High","High","LO",-0.00172748042812823,-0.00734227674573938
"GB_W_07_Wild","Wild","GB",0.0616472415721625,0.00569286279371165
"DT_03_B_High","High","DT",0.00733507372939871,0.0100275023593386
"BO_W_08_Wild","Wild","BO",-0.059249693410786,-0.05185138350097
"MI_05_D_High","High","MI",-0.0203812358334156,0.027894567558205
"DT_04_A_High","High","DT",-0.000291685723918845,0.0166192004165808
"MI_01_C_High","High","MI",0.0138498890714723,0.0229287229658979
"E1_05_D_High","High","E1",0.0222769231067899,0.0138779647229625
"E1_03_B_High","High","E1",0.0404007054327438,0.018351106780978
"CPS_W_12_Wild","Wild","CPS",0.0117300899731058,-0.00483099542998298
"CPS_04_A_High","High","CPS",-0.00174553517838849,0.0221137549989967
"LO_03_D_Low","Low","LO",-0.0148462502282995,0.0355915378589216
"DT_04_D_High","High","DT",-0.00956164593534323,-0.00818295220731975
"GB_W_11_Wild","Wild","GB",0.0361338632339119,-0.0197267718071418
"DT_03_C_High","High","DT",0.0253346572545853,0.0232005642011747
"LO_W_09_Wild","Wild","LO",-0.022424893582569,-0.0266338138147007
"BO_W_02_High","High","BO",-0.00700710784289511,-0.0314405871653713
"MI_02_D_High","High","MI",0.00357961874504357,0.02514813696908
"LO_03_C_High","High","LO",0.058516938034291,0.0442585432882978
"DE_W_10_Wild","Wild","DE",0.0187993510025396,-0.0160827499733195
"DT_06_B_Low","Low","DT",0.00182986259150125,0.0292206916349518
"PB_W_14_Wild","Wild","PB",-0.0122278353883028,-0.0135780907298716
"E1_05_B_Low","Low","E1",-0.0366833567129206,0.00413734619395026
"DT_W_11_Wild","Wild","DT",-0.0251223627940495,-0.0391599643308945
"PB_04_A_High","High","PB",-0.0261027360211296,0.00131225793944526
"CPS_W_09_Wild","Wild","CPS",0.00212398316517474,-0.053394717493474
"CPS_W_14_Wild","Wild","CPS",0.0332396939305822,-0.034142484229777
"CPS_W_05_Wild","Wild","CPS",0.0949636391367404,-0.0363234114526382
"GB_02_B_Low","Low","GB",-0.0440029901902813,0.0180771698287193
"LO_W_08_Wild","Wild","LO",0.00384373098576799,-0.0263559143471585
"BS_04_B_Low","Low","BS",-0.0107478351419559,0.0165392359971477
"GB_W_20_Wild","Wild","GB",0.0975568280814907,-0.0431511779996575
"E1_01_C_High","High","E1",-0.0139910743701757,0.0265833151014
"BO_01_D_Low","Low","BO",-0.0143567511389959,0.036242582419795
"DT_W_10_Wild","Wild","DT",-0.00414365161429523,-0.0490826687099408
"BO_W_14_Wild","Wild","BO",-0.0204580354830168,-0.0114732457576893
"DT_06_A_Low","Low","DT",-0.0325219865035244,0.0277373685021933
"CPS_05_D_Low","Low","CPS",0.000180846476835036,0.0545962883457362
"DE_04_B_Low","Low","DE",0.0097728056862627,-0.014423439297103
"BO_04_A_Low","Low","BO",-0.0137993016584608,0.0074388098859485
"BS_02_C_Low","Low","BS",-0.0145741308763956,-0.00689794293762889
"CPS_04_B_High","High","CPS",0.0324639072889914,0.0338496165490246
"MI_03_D_Low","Low","MI",-0.0390665948414051,0.0226328476515502
"LO_W_06_Wild","Wild","LO",0.00857218266795585,-0.0427039567812252
"MI_06_A_High","High","MI",-0.00705576626691943,0.0146694880429041
"BO_04_B_High","High","BO",0.0150913573768174,0.0360329099213669
"CPS_03_C_Low","Low","CPS",-0.0243191850025285,0.0216940014538208
"CPS_05_D_High","High","CPS",-0.0315868990551849,0.0245009811762982
"BO_01_A_Low","Low","BO",-0.0334875784613037,0.0157463455465249
"DT_03_A_Low","Low","DT",-0.030411415580736,0.00502089134804892
"BO_W_09_Wild","Wild","BO",0.00864990333035396,-0.041554932751159
"BO_01_C_High","High","BO",-0.033458782198532,0.024136856455501
"CPS_04_C_Low","Low","CPS",-0.0356326535545716,0.00850914332808087
"CPS_06_D_Low","Low","CPS",-0.0326825922295992,0.00336310120088037
"BS_01_B_Low","Low","BS",-0.0435690728068129,0.0072283766323071
"DE_01_A_High","High","DE",0.071713106295733,0.0217430860330683
"LO_05_C_Low","Low","LO",-0.0139530915419356,-0.002868954222859
"BS_02_A_High","High","BS",0.00723964930124594,0.00559198354831626
"MI_05_B_High","High","MI",0.0342211778953759,0.024241872885538
"DE_04_B_High","High","DE",-0.0023503221588908,0.00627854688304588
"GB_04_A_Low","Low","GB",-0.0524165254906757,0.00210701126623348
"DT_W_15_Wild","Wild","DT",0.0508099915186622,-0.0605856255343583
"DT_05_D_High","High","DT",-0.0269510598014843,-0.00523625274060762
"MI_02_A_High","High","MI",-0.0154843000723443,0.0148032072610201
"BO_02_A_Low","Low","BO",0.00576386921047261,0.0377315067400568
"BS_01_A_High","High","BS",-0.014241670205227,-0.0203603119599543
"MI_01_A_Low","Low","MI",-0.0600111002908511,0.0347269751132195
"GB_02_A_High","High","GB",-0.0249127209327417,0.00829649452382638
"BS_04_D_High","High","BS",0.0581120033140687,0.0422892856888014
"DE_05_B_High","High","DE",-0.0182671231481659,-0.000415104531286495
"BS_02_D_Low","Low","BS",-0.0290636143610013,0.0230684563463228
"DT_W_14_Wild","Wild","DT",0.0284494117872893,-0.0419986182394188
"GB_02_B_High","High","GB",0.0190264118620257,-0.00434295085723056
"E1_01_A_Low","Low","E1",-0.0328805441754311,0.0407115146452323
"PB_02_A_Low","Low","PB",-0.0114774783380931,-0.00103404606399547
"E1_03_D_High","High","E1",-0.00671433801641852,0.0258568084570823
"DE_03_C_Low","Low","DE",-0.056594267832863,0.00273156866743335
"CPS_W_04_Wild","Wild","CPS",0.000901149007301776,-0.0233288734151563
"DE_W_12_Wild","Wild","DE",0.0310926571546759,0.000867343304627994
"MI_05_C_High","High","MI",0.0107531733392088,0.0259837042941456
"DT_06_D_High","High","DT",-0.00763850111411988,0.00485204809308664
"LO_05_A_Low","Low","LO",-0.0325728630111744,-0.0171370834643339
"DT_W_04_Wild","Wild","DT",-0.0121284870904464,-0.0302410158405898
"LO_02_B_Low","Low","LO",-0.055084827128661,0.00969859196295873
"DE_03_A_High","High","DE",-0.0342140680918859,0.0139401398302574
"BO_03_B_Low","Low","BO",-0.0114767995615043,0.00722588414720972
"DE_04_D_High","High","DE",0.0283226074661168,0.0195883973416844
"PB_04_A_Low","Low","PB",-0.0335620030459971,-0.00437571966663502
"CPS_W_01_Wild","Wild","CPS",0.0260657676028147,-0.0672672656263031
"GB_04_B_Low","Low","GB",-0.0053616802587898,-0.0324173449861829
"BO_W_17_Wild","Wild","BO",0.00415766791318617,-0.0180139412113009
"BS_01_C_Low","Low","BS",-0.0231706244289924,0.0329378265190613
"BO_02_A_High","High","BO",0.0555634538266493,0.0143614293915721
"GB_04_A_High","High","GB",-0.0152378556259852,0.0194615711319338
"BO_01_B_Low","Low","BO",-0.0458578031011704,0.0297911130472252
"DT_05_B_Low","Low","DT",-0.00656936747254698,0.000505814350684912
"BO_W_20_Wild","Wild","BO",-0.0391837564580574,0.00302080947453023
"PB_W_03_Wild","Wild","PB",-0.00170598721233702,-0.0572527571661635
"MI_02_D_Low","Low","MI",0.0201587367254774,0.0364760938075563
"DE_W_19_Wild","Wild","DE",0.0208461862236036,-0.0153812440182047
"DT_03_A_High","High","DT",0.028454586543993,0.0265798383824173
"E1_03_B_Low","Low","E1",-0.0224389988370002,0.0340186606266436
"LO_04_B_Low","Low","LO",-0.0240713448374386,0.0183642047069352
